8952020615361569317,1899-11-08,1899-11-08,1899-11-08
8952020615361569317,1899-11-08,1899-11-08,1899-11-08
8952020615361569317,1899-11-08,1899-11-08,1899-11-08
8952020615361569317,1899-11-08,1899-11-08,1899-11-08
8952020615361569317,1899-11-08,1899-11-08,1899-11-08
8952020615361569317,1899-11-08,1899-11-08,1899-11-08
8952020615361569317,1899-11-08,1899-11-08,1899-11-08
8952020615361569317,1899-11-08,1899-11-08,1899-11-08
8952020615361569317,1899-11-08,1899-11-08,1899-11-08
8952020615361569317,1899-11-08,1899-11-08,1899-11-08
8952020615361569317,1899-11-08,1899-11-08,1899-11-08
8952020615361569317,1899-11-08,1899-11-08,1899-11-08
8952020615361569317,1899-11-08,1899-11-08,1899-11-08
8952020615361569317,1899-11-08,1899-11-08,1899-11-08
8952020615361569317,1899-11-08,1899-11-08,1899-11-08
8952020615361569317,1899-11-08,1899-11-08,1899-11-08
8952020615361569317,1899-11-08,1899-11-08,1899-11-08
8952020615361569317,1899-11-08,1899-11-08,1899-11-08
8952020615361569317,1899-11-08,1899-11-08,1899-11-08
8952020615361569317,1899-11-08,1899-11-08,1899-11-08
8952020615361569317,1899-11-08,1899-11-08,1899-11-08
8952020615361569317,1899-11-08,1899-11-08,1899-11-08
8952020615361569317,1899-11-08,1899-11-08,1899-11-08
8952020615361569317,1899-11-08,1899-11-08,1899-11-08
8952020615361569317,1899-11-08,1899-11-08,1899-11-08
8952020615361569317,1899-11-08,1899-11-08,1899-11-08
8952020615361569317,1899-11-08,1899-11-08,1899-11-08
8952020615361569317,1899-11-08,1899-11-08,1899-11-08
8952020615361569317,1899-11-08,1899-11-08,1899-11-08
8952020615361569317,1899-11-08,1899-11-08,1899-11-08